aux_contrastive_loss,aux_l2_loss,aux_l2_loss_layers,aux_lr,buffer_size,episode,episode_length,episode_reward,fps,frame,step,theta1_02,total_time
0.0,0.0,0.0,9.999999999999961e-05,4500.0,9.0,500.0,0.09242285386293411,3.170846769547144,4500,4500.0,0.0,157.68658876419067
0.0,0.0,0.0,9.999999999999961e-05,5000.0,10.0,500.0,10.940694371653851,5.713310999656921,5000,5000.0,0.0,245.20151782035828
0.0,0.0,0.0,9.999999999999961e-05,5500.0,11.0,500.0,1.9667022793293896,1.499801674007926,5500,5500.0,0.0,578.5789303779602
0.0,0.0,0.0,9.999999999999961e-05,6000.0,12.0,500.0,1.626883461231893,0.6346321462002045,6000,6000.0,0.0,1366.4369099140167
0.0,0.0,0.0,9.999999999999961e-05,6500.0,13.0,500.0,0.4212051502127791,0.6345251935513606,6500,6500.0,0.0,2154.4276876449585
0.0,0.0,0.0,9.999999999999961e-05,7000.0,14.0,500.0,0.5370342079243621,0.6318216200062072,7000,7000.0,0.0,2945.790288209915
0.0,0.0,0.0,9.999999999999961e-05,7500.0,15.0,500.0,0.8575440885873755,0.627340978332176,7500,7500.0,0.0,3742.805018186569
0.0,0.0,0.0,9.999999999999961e-05,8000.0,16.0,500.0,0.5332409645136273,0.6295498331924331,8000,8000.0,0.0,4537.023321866989
0.0,0.0,0.0,9.999999999999961e-05,8500.0,17.0,500.0,6.9434112373283225,0.6249218919151741,8500,8500.0,0.0,5337.123313188553
0.0,0.0,0.0,9.999999999999961e-05,9000.0,18.0,500.0,0.10123618314454712,0.6262776794204367,9000,9000.0,0.0,6135.491220712662
0.0,0.0,0.0,9.999999999999961e-05,9500.0,19.0,500.0,0.03153041799971919,0.6219958128052357,9500,9500.0,0.0,6939.355154037476
0.0,0.0,0.0,9.999999999999961e-05,10000.0,20.0,500.0,0.04317259891078876,0.6203247246558531,10000,10000.0,0.0,7745.384610176086
0.0,0.0,0.0,9.999999999999961e-05,10500.0,21.0,500.0,1.0412724116043446,0.6059725659006767,10500,10500.0,0.0,8570.504472732544
0.0,0.0,0.0,9.999999999999961e-05,11000.0,22.0,500.0,0.8461257970381321,0.618915047221426,11000,11000.0,0.0,9378.369788885117
0.0,0.0,0.0,9.999999999999961e-05,11500.0,23.0,500.0,9.534154219803227,0.6172830866645657,11500,11500.0,0.0,10188.370923757553
0.0,0.0,0.0,9.999999999999961e-05,12000.0,24.0,500.0,6.101344316230936,0.6164414513353766,12000,12000.0,0.0,10999.477963209152
0.0,0.0,0.0,9.999999999999961e-05,12500.0,25.0,500.0,2.5052146845699452,0.6168721699806509,12500,12500.0,0.0,11810.018662691116
0.0,0.0,0.0,9.999999999999961e-05,13000.0,26.0,500.0,0.7184203732324845,0.6157015585818837,13000,13000.0,0.0,12622.100415229797
0.0,0.0,0.0,9.999999999999961e-05,13500.0,27.0,500.0,0.3414055733962627,0.6100722665553732,13500,13500.0,0.0,13441.675451993942
0.0,0.0,0.0,9.999999999999961e-05,14000.0,28.0,500.0,7.994785193925051,0.6114217091461112,14000,14000.0,0.0,14259.441640377045
0.0,0.0,0.0,9.999999999999961e-05,14500.0,29.0,500.0,59.88122800654986,0.6124364794843916,14500,14500.0,0.0,15075.852839231491
0.0,0.0,0.0,9.999999999999961e-05,15000.0,30.0,500.0,1.404647345571488,0.6089739334818444,15000,15000.0,0.0,15896.90604543686
0.0,0.0,0.0,9.999999999999961e-05,15500.0,31.0,500.0,4.2175453134149485,0.6075765964963036,15500,15500.0,0.0,16719.847553253174
0.0,0.0,0.0,9.999999999999961e-05,16000.0,32.0,500.0,9.656862549311608,0.6089505985612518,16000,16000.0,0.0,17540.932221889496
0.0,0.0,0.0,9.999999999999961e-05,16500.0,33.0,500.0,5.515737817492399,0.6047643141604417,16500,16500.0,0.0,18367.700582265854
0.0,0.0,0.0,9.999999999999961e-05,17000.0,34.0,500.0,8.58335789310812,0.6071858730240198,17000,17000.0,0.0,19191.171652317047
0.0,0.0,0.0,9.999999999999961e-05,17500.0,35.0,500.0,12.773341219818409,0.6060035713707062,17500,17500.0,0.0,20016.24929881096
0.0,0.0,0.0,9.999999999999961e-05,18000.0,36.0,500.0,19.168247396686752,0.6057427546017512,18000,18000.0,0.0,20841.682202100754
0.0,0.0,0.0,9.999999999999961e-05,18500.0,37.0,500.0,9.470510786071854,0.9178006335089253,18500,18500.0,0.0,21386.462824583054
0.0,0.0,0.0,9.999999999999961e-05,19000.0,38.0,500.0,4.348399263784555,1.0002018091169873,19000,19000.0,0.0,21886.361941099167
0.0,0.0,0.0,9.999999999999961e-05,19500.0,39.0,500.0,2.544900257753731,0.9607862297149112,19500,19500.0,0.0,22406.769067525864
0.0,0.0,0.0,9.999999999999961e-05,20000.0,40.0,500.0,50.17578801355166,0.9470198225656972,20000,20000.0,0.0,22934.74112176895
0.0,0.0,0.0,9.999999999999961e-05,20500.0,41.0,500.0,10.220871337374318,0.8609383352198976,20500,20500.0,0.0,23515.502809524536
0.0,0.0,0.0,9.999999999999961e-05,21000.0,42.0,500.0,25.664710502796765,0.8652246734025968,21000,21000.0,0.0,24093.38739347458
0.0,0.0,0.0,9.999999999999961e-05,21500.0,43.0,500.0,16.806001756013288,0.8315671207920111,21500,21500.0,0.0,24694.661768198013
0.0,0.0,0.0,9.999999999999961e-05,22000.0,44.0,500.0,13.116707828536146,0.7974692283131708,22000,22000.0,0.0,25321.6452088356
0.0,0.0,0.0,9.999999999999961e-05,22500.0,45.0,500.0,62.7064223723267,0.7592678327696191,22500,22500.0,0.0,25980.17435836792
0.0,0.0,0.0,9.999999999999961e-05,23000.0,46.0,500.0,41.63800517623348,0.7265642496246951,23000,23000.0,0.0,26668.34474492073
0.0,0.0,0.0,9.999999999999961e-05,23500.0,47.0,500.0,23.716540269841353,0.7049711464188873,23500,23500.0,0.0,27377.59363102913
0.0,0.0,0.0,9.999999999999961e-05,24000.0,48.0,500.0,39.250558004992875,0.6975530862255659,24000,24000.0,0.0,28094.38495516777
0.0,0.0,0.0,9.999999999999961e-05,24500.0,49.0,500.0,51.36059512955222,0.6919837055713443,24500,24500.0,0.0,28816.945322752
0.0,0.0,0.0,9.999999999999961e-05,25000.0,50.0,500.0,80.58485593188749,0.6564669240649167,25000,25000.0,0.0,29578.59832048416
0.0,0.0,0.0,9.999999999999961e-05,25500.0,51.0,500.0,88.01580303324418,0.6772093451779283,25500,25500.0,0.0,30316.92245030403
0.0,0.0,0.0,9.999999999999961e-05,26000.0,52.0,500.0,56.25025620239959,0.6923689127011888,26000,26000.0,0.0,31039.080813407898
0.0,0.0,0.0,9.999999999999961e-05,26500.0,53.0,500.0,35.156074118824364,0.6985101490356906,26500,26500.0,0.0,31754.890027046204
0.0,0.0,0.0,9.999999999999961e-05,27000.0,54.0,500.0,3.7902491547746244,0.6952255894692609,27000,27000.0,0.0,32474.08104658127
0.0,0.0,0.0,9.999999999999961e-05,27500.0,55.0,500.0,64.15692632562894,0.7006047780778696,27500,27500.0,0.0,33187.750173807144
0.0,0.0,0.0,9.999999999999961e-05,28000.0,56.0,500.0,29.169171183235708,0.7001784143978511,28000,28000.0,0.0,33901.85387992859
0.0,0.0,0.0,9.999999999999961e-05,28500.0,57.0,500.0,55.76624783154609,0.6995821336169183,28500,28500.0,0.0,34616.56624388695
0.0,0.0,0.0,9.999999999999961e-05,29000.0,58.0,500.0,41.50438558289197,0.6959131625865977,29000,29000.0,0.0,35335.04669165611
0.0,0.0,0.0,9.999999999999961e-05,29500.0,59.0,500.0,72.85094864371872,0.6970360208996617,29500,29500.0,0.0,36052.36973619461
0.0,0.0,0.0,9.999999999999961e-05,30000.0,60.0,500.0,132.38911141303996,0.6949428260330819,30000,30000.0,0.0,36771.85338521004
0.0,0.0,0.0,9.999999999999961e-05,30500.0,61.0,500.0,115.18284763753566,0.6727763583763741,30500,30500.0,0.0,37515.042402505875
0.0,0.0,0.0,9.999999999999961e-05,31000.0,62.0,500.0,53.99103179578125,0.695204810340777,31000,31000.0,0.0,38234.25491833687
0.0,0.0,0.0,9.999999999999961e-05,31500.0,63.0,500.0,50.40414831092993,0.6900912387968945,31500,31500.0,0.0,38958.796793699265
0.0,0.0,0.0,9.999999999999961e-05,32000.0,64.0,500.0,29.6596153547071,0.6907568745912013,32000,32000.0,0.0,39682.64047765732
0.0,0.0,0.0,9.999999999999961e-05,32500.0,65.0,500.0,89.33404639232694,0.8175330969595828,32500,32500.0,0.0,40294.23651266098
0.0,0.0,0.0,9.999999999999961e-05,33000.0,66.0,500.0,109.2534962283257,0.8833265356096885,33000,33000.0,0.0,40860.27860546112
0.0,0.0,0.0,9.999999999999961e-05,33500.0,67.0,500.0,100.2756195092065,0.8521712015012548,33500,33500.0,0.0,41447.01516675949
0.0,0.0,0.0,9.999999999999961e-05,34000.0,68.0,500.0,62.84066598765297,0.8210323749229006,34000,34000.0,0.0,42056.004551410675
0.0,0.0,0.0,9.999999999999961e-05,34500.0,69.0,500.0,108.08047202619498,0.7835644235600409,34500,34500.0,0.0,42694.11417722702
0.0,0.0,0.0,9.999999999999961e-05,35000.0,70.0,500.0,91.518192748362,0.7488497196860868,35000,35000.0,0.0,43361.80488657951
0.0,0.0,0.0,9.999999999999961e-05,35500.0,71.0,500.0,70.58194508863369,0.7212336991529377,35500,35500.0,0.0,44055.0614566803
0.0,0.0,0.0,9.999999999999961e-05,36000.0,72.0,500.0,109.02095181357289,0.6797005450881707,36000,36000.0,0.0,44790.67952275276
0.0,0.0,0.0,9.999999999999961e-05,36500.0,73.0,500.0,119.55726269305676,0.6515179702292463,36500,36500.0,0.0,45558.1180639267
0.0,0.0,0.0,9.999999999999961e-05,37000.0,74.0,500.0,115.03418024470459,0.6202701140009331,37000,37000.0,0.0,46364.21848535538
0.0,0.0,0.0,9.999999999999961e-05,37500.0,75.0,500.0,120.34307631272652,0.6539004588244104,37500,37500.0,0.0,47128.860861063
0.0,0.0,0.0,9.999999999999961e-05,38000.0,76.0,500.0,90.73571140160081,0.6680334385566782,38000,38000.0,0.0,47877.326390028
0.0,0.0,0.0,9.999999999999961e-05,38500.0,77.0,500.0,83.53429278122567,0.6626044335897617,38500,38500.0,0.0,48631.92441987991
0.0,0.0,0.0,9.999999999999961e-05,39000.0,78.0,500.0,86.74287820225605,0.6597341039069813,39000,39000.0,0.0,49389.80550813675
0.0,0.0,0.0,9.999999999999961e-05,39500.0,79.0,500.0,95.3649139374237,0.6556826050622272,39500,39500.0,0.0,50152.36958503723
0.0,0.0,0.0,9.999999999999961e-05,40000.0,80.0,500.0,49.88904060342359,0.6563050460408558,40000,40000.0,0.0,50914.21044445038
0.0,0.0,0.0,9.999999999999961e-05,40500.0,81.0,500.0,112.01275171233522,0.636326749851243,40500,40500.0,0.0,51699.97027730942
0.0,0.0,0.0,9.999999999999961e-05,41000.0,82.0,500.0,111.55245518833918,0.6489128195569394,41000,41000.0,0.0,52470.48980689049
0.0,0.0,0.0,9.999999999999961e-05,41500.0,83.0,500.0,120.73582151562891,0.6434392426423559,41500,41500.0,0.0,53247.563953876495
0.0,0.0,0.0,9.999999999999961e-05,42000.0,84.0,500.0,104.03055118306979,0.6385712823066181,42000,42000.0,0.0,54030.561896562576
0.0,0.0,0.0,9.999999999999961e-05,42500.0,85.0,500.0,69.68334207685066,0.6403127734835412,42500,42500.0,0.0,54811.430280685425
0.0,0.0,0.0,9.999999999999961e-05,43000.0,86.0,500.0,114.37964331852902,0.6391888280624324,43000,43000.0,0.0,55593.671738147736
0.0,0.0,0.0,9.999999999999961e-05,43500.0,87.0,500.0,114.24031951470938,0.6350376237986786,43500,43500.0,0.0,56381.02666258812
0.0,0.0,0.0,9.999999999999961e-05,44000.0,88.0,500.0,69.62933803013514,0.6367559128417851,44000,44000.0,0.0,57166.25690603256
0.0,0.0,0.0,9.999999999999961e-05,44500.0,89.0,500.0,97.76762249270895,0.635041350121738,44500,44500.0,0.0,57953.607211112976
0.0,0.0,0.0,9.999999999999961e-05,45000.0,90.0,500.0,100.35939486688433,0.6311850023575007,45000,45000.0,0.0,58745.76798605919
0.0,0.0,0.0,9.999999999999961e-05,45500.0,91.0,500.0,64.85251224479816,0.6259013224879569,45500,45500.0,0.0,59544.61595535278
0.0,0.0,0.0,9.999999999999961e-05,46000.0,92.0,500.0,77.98597331215616,0.6253758534294905,46000,46000.0,0.0,60344.13515281677
0.0,0.0,0.0,9.999999999999961e-05,46500.0,93.0,500.0,103.54688915516293,0.6751468809266797,46500,46500.0,0.0,61084.71474313736
0.0,0.0,0.0,9.999999999999961e-05,47000.0,94.0,500.0,85.83817548991814,0.7270791944394429,47000,47000.0,0.0,61772.397741794586
0.0,0.0,0.0,9.999999999999961e-05,47500.0,95.0,500.0,75.25700171980283,0.6990339243381561,47500,47500.0,0.0,62487.67061090469
0.0,0.0,0.0,9.999999999999961e-05,48000.0,96.0,500.0,92.82453122162784,0.6679944688855737,48000,48000.0,0.0,63236.17980337143
0.0,0.0,0.0,9.999999999999961e-05,48500.0,97.0,500.0,112.20800799844915,0.6468744240098313,48500,48500.0,0.0,64009.1273522377
0.0,0.0,0.0,9.999999999999961e-05,49000.0,98.0,500.0,124.99033779354978,0.6323047134747277,49000,49000.0,0.0,64799.88533639908
0.0,0.0,0.0,9.999999999999961e-05,49500.0,99.0,500.0,111.7709293762862,0.6292052472102635,49500,49500.0,0.0,65594.538595438
0.0,0.0,0.0,9.999999999999961e-05,50000.0,100.0,500.0,94.5569030575433,0.6312213795864036,50000,50000.0,0.0,66386.65371847153
0.0,0.0,0.0,9.999999999999961e-05,50500.0,101.0,500.0,108.2556136316968,0.6225615963678742,50500,50500.0,0.0,67189.78710055351
0.0,0.0,0.0,9.999999999999961e-05,51000.0,102.0,500.0,117.67255983420414,0.6392258204373207,51000,51000.0,0.0,67971.98328924179
0.0,0.0,0.0,9.999999999999961e-05,51500.0,103.0,500.0,115.59131984347326,0.6365385436881488,51500,51500.0,0.0,68757.48167800903
0.0,0.0,0.0,9.999999999999961e-05,52000.0,104.0,500.0,114.10465204162163,0.6338908870225204,52000,52000.0,0.0,69546.26096248627
0.0,0.0,0.0,9.999999999999961e-05,52500.0,105.0,500.0,107.83117070813579,0.6189849455912221,52500,52500.0,0.0,70354.03505182266
0.0,0.0,0.0,9.999999999999961e-05,53000.0,106.0,500.0,111.14579770923292,0.6400091126297481,53000,53000.0,0.0,71135.27392888069
0.0,0.0,0.0,9.999999999999961e-05,53500.0,107.0,500.0,103.9035231893032,0.646047797794344,53500,53500.0,0.0,71909.21047401428
0.0,0.0,0.0,9.999999999999961e-05,54000.0,108.0,500.0,89.44024964827838,0.6486898153500348,54000,54000.0,0.0,72679.99489045143
0.0,0.0,0.0,9.999999999999961e-05,54500.0,109.0,500.0,109.26168884793742,0.644313154520127,54500,54500.0,0.0,73456.0150551796
0.0,0.0,0.0,9.999999999999961e-05,55000.0,110.0,500.0,13.42741531077818,0.6448605355270767,55000,55000.0,0.0,74231.37650609016
0.0,0.0,0.0,9.999999999999961e-05,55500.0,111.0,500.0,106.03658572935186,0.6424003801489725,55500,55500.0,0.0,75009.70730376244
0.0,0.0,0.0,9.999999999999961e-05,56000.0,112.0,500.0,106.00263815256712,0.646621865917663,56000,56000.0,0.0,75782.95675134659
0.0,0.0,0.0,9.999999999999961e-05,56500.0,113.0,500.0,142.98333460299068,0.6439599700100744,56500,56500.0,0.0,76559.40253043175
0.0,0.0,0.0,9.999999999999961e-05,57000.0,114.0,500.0,106.26603338133874,0.6390156199169736,57000,57000.0,0.0,77341.8560180664
0.0,0.0,0.0,9.999999999999961e-05,57500.0,115.0,500.0,105.83791500516247,0.6350644334157727,57500,57500.0,0.0,78129.17770385742
0.0,0.0,0.0,9.999999999999961e-05,58000.0,116.0,500.0,94.81866228568005,0.6347457341192632,58000,58000.0,0.0,78916.89469599724
0.0,0.0,0.0,9.999999999999961e-05,58500.0,117.0,500.0,144.127181882878,0.64183227837486,58500,58500.0,0.0,79695.91441369057
0.0,0.0,0.0,9.999999999999961e-05,59000.0,118.0,500.0,132.66351895107815,0.642620851127844,59000,59000.0,0.0,80473.97818136215
0.0,0.0,0.0,9.999999999999961e-05,59500.0,119.0,500.0,121.57831818842189,0.6477442270045025,59500,59500.0,0.0,81245.88780212402
0.0,0.0,0.0,9.999999999999961e-05,60000.0,120.0,500.0,144.3987636632258,0.6432283842250224,60000,60000.0,0.0,82023.21668362617
0.0,0.0,0.0,9.999999999999961e-05,60500.0,121.0,500.0,151.6081588317105,0.6437220419830361,60500,60500.0,0.0,82799.94944763184
0.0,0.0,0.0,9.999999999999961e-05,61000.0,122.0,500.0,141.54954804159834,0.7430836808711531,61000,61000.0,0.0,83472.82117581367
0.0,0.0,0.0,9.999999999999961e-05,61500.0,123.0,500.0,128.96057332612546,0.7128101616825421,61500,61500.0,0.0,84174.27021121979
0.0,0.0,0.0,9.999999999999961e-05,62000.0,124.0,500.0,79.87374111241513,0.6836708957566132,62000,62000.0,0.0,84905.61624860764
0.0,0.0,0.0,9.999999999999961e-05,62500.0,125.0,500.0,56.73850935330375,0.6633846296852958,62500,62500.0,0.0,85659.32680797577
0.0,0.0,0.0,9.999999999999961e-05,63000.0,126.0,500.0,77.9916148464587,0.6621408012359803,63000,63000.0,0.0,86414.45320916176
0.0,0.0,0.0,9.999999999999961e-05,63500.0,127.0,500.0,100.94062211777494,0.6584331064839755,63500,63500.0,0.0,87173.83179402351
0.0,0.0,0.0,9.999999999999961e-05,64000.0,128.0,500.0,116.76182157226177,0.662703902612271,64000,64000.0,0.0,87928.31656312943
0.0,0.0,0.0,9.999999999999961e-05,64500.0,129.0,500.0,119.46919752760661,0.6567773221773722,64500,64500.0,0.0,88689.60959744453
0.0,0.0,0.0,9.999999999999961e-05,65000.0,130.0,500.0,155.61925621396423,0.6478239210114667,65000,65000.0,0.0,89461.42425918579
0.0,0.0,0.0,9.999999999999961e-05,65500.0,131.0,500.0,144.39374287801974,0.6448475497502432,65500,65500.0,0.0,90236.80132436752
0.0,0.0,0.0,9.999999999999961e-05,66000.0,132.0,500.0,101.8150119644569,0.6433156503934578,66000,66000.0,0.0,91014.0247604847
0.0,0.0,0.0,9.999999999999961e-05,66500.0,133.0,500.0,136.68904813982738,0.643091727853631,66500,66500.0,0.0,91791.51882386208
0.0,0.0,0.0,9.999999999999961e-05,67000.0,134.0,500.0,144.39994933273258,0.627243813504863,67000,67000.0,0.0,92588.6570174694
0.0,0.0,0.0,9.999999999999961e-05,67500.0,135.0,500.0,138.60964540311815,0.6389125666389947,67500,67500.0,0.0,93371.2367105484
0.0,0.0,0.0,9.999999999999961e-05,68000.0,136.0,500.0,100.21827647803003,0.6325754838621109,68000,68000.0,0.0,94161.65621495247
0.0,0.0,0.0,9.999999999999961e-05,68500.0,137.0,500.0,142.57279526605865,0.6323870966731465,68500,68500.0,0.0,94952.31118416786
0.0,0.0,0.0,9.999999999999961e-05,69000.0,138.0,500.0,78.15221176329084,0.6259086829521328,69000,69000.0,0.0,95751.14975953102
0.0,0.0,0.0,9.999999999999961e-05,69500.0,139.0,500.0,116.55028847991264,0.6250722916585444,69500,69500.0,0.0,96551.0572373867
0.0,0.0,0.0,9.999999999999961e-05,70000.0,140.0,500.0,122.39788474163943,0.6142613192297299,70000,70000.0,0.0,97365.0430521965
0.0,0.0,0.0,9.999999999999961e-05,70500.0,141.0,500.0,102.44437654015962,0.5900017968571073,70500,70500.0,0.0,98212.49809932709
0.0,0.0,0.0,9.999999999999961e-05,71000.0,142.0,500.0,128.8779868497098,0.6013887063836088,71000,71000.0,0.0,99043.90712857246
0.0,0.0,0.0,9.999999999999961e-05,71500.0,143.0,500.0,144.2447034710358,0.5996295608391997,71500,71500.0,0.0,99877.7552793026
0.0,0.0,0.0,9.999999999999961e-05,72000.0,144.0,500.0,129.77708440230097,0.5883486768250766,72000,72000.0,0.0,100727.5914735794
0.0,0.0,0.0,9.999999999999961e-05,72500.0,145.0,500.0,135.8632268970418,0.5799326068430857,72500,72500.0,0.0,101589.76061964035
0.0,0.0,0.0,9.999999999999961e-05,73000.0,146.0,500.0,94.97165932310324,0.5748261191775338,73000,73000.0,0.0,102459.58887505531
0.0,0.0,0.0,9.999999999999961e-05,73500.0,147.0,500.0,132.61150380860312,0.5649754785870481,73500,73500.0,0.0,103344.58303713799
0.0,0.0,0.0,9.999999999999961e-05,74000.0,148.0,500.0,124.8462113365226,0.5550546897803449,74000,74000.0,0.0,104245.39517331123
0.0,0.0,0.0,9.999999999999961e-05,74500.0,149.0,500.0,116.78427736260458,0.5517796978553396,74500,74500.0,0.0,105151.55392169952
0.0,0.0,0.0,9.999999999999961e-05,75000.0,150.0,500.0,117.61254368173122,0.5452999088810351,75000,75000.0,0.0,106068.48053789139
0.0,0.0,0.0,9.999999999999961e-05,75500.0,151.0,500.0,122.86467462533801,0.5395733739282929,75500,75500.0,0.0,106995.13856887817
0.0,0.0,0.0,9.999999999999961e-05,76000.0,152.0,500.0,101.30271730548645,0.5451183285419463,76000,76000.0,0.0,107912.37061595917
0.0,0.0,0.0,9.999999999999961e-05,76500.0,153.0,500.0,132.69563523271435,0.52152008261857,76500,76500.0,0.0,108871.10646724701
0.0,0.0,0.0,9.999999999999961e-05,77000.0,154.0,500.0,121.4151039479632,0.5194827583809675,77000,77000.0,0.0,109833.60231995583
0.0,0.0,0.0,9.999999999999961e-05,77500.0,155.0,500.0,146.818751536513,0.5329408959366866,77500,77500.0,0.0,110771.79265975952
0.0,0.0,0.0,9.999999999999961e-05,78000.0,156.0,500.0,118.41509502465256,0.5286340807779802,78000,78000.0,0.0,111717.62649536133
0.0,0.0,0.0,9.999999999999961e-05,78500.0,157.0,500.0,130.44580205053217,0.5649135497603742,78500,78500.0,0.0,112602.71767568588
0.0,0.0,0.0,9.999999999999961e-05,79000.0,158.0,500.0,116.25418760503203,0.5761561975135399,79000,79000.0,0.0,113470.53789973259
0.0,0.0,0.0,9.999999999999961e-05,79500.0,159.0,500.0,114.17020978827395,0.5726174444132375,79500,79500.0,0.0,114343.72121882439
0.0,0.0,0.0,9.999999999999961e-05,80000.0,160.0,500.0,146.1682483391255,0.5869242079780218,80000,80000.0,0.0,115195.61997127533
0.0,0.0,0.0,9.999999999999961e-05,80500.0,161.0,500.0,147.28919461556225,0.5694318801239976,80500,80500.0,0.0,116073.68812632561
0.0,0.0,0.0,9.999999999999961e-05,81000.0,162.0,500.0,75.93756459378054,0.613830895017959,81000,81000.0,0.0,116888.24471592903
0.0,0.0,0.0,9.999999999999961e-05,81500.0,163.0,500.0,110.45563473523397,0.6236784935129545,81500,81500.0,0.0,117689.93982887268
0.0,0.0,0.0,9.999999999999961e-05,82000.0,164.0,500.0,97.45912190982918,0.6131080010419602,82000,82000.0,0.0,118505.45683312416
0.0,0.0,0.0,9.999999999999961e-05,82500.0,165.0,500.0,138.8781797642704,0.6115142225214729,82500,82500.0,0.0,119323.09930491447
0.0,0.0,0.0,9.999999999999961e-05,83000.0,166.0,500.0,85.12674650339738,0.6080757043024873,83000,83000.0,0.0,120145.36534357071
0.0,0.0,0.0,9.999999999999961e-05,83500.0,167.0,500.0,150.23981450635924,0.6031073641178031,83500,83500.0,0.0,120974.40512990952
0.0,0.0,0.0,9.999999999999961e-05,84000.0,168.0,500.0,123.03157868084493,0.6015573761902209,84000,84000.0,0.0,121805.58104133606
0.0,0.0,0.0,9.999999999999961e-05,84500.0,169.0,500.0,157.38313155065492,0.5975295777678077,84500,84500.0,0.0,122642.3597035408
0.0,0.0,0.0,9.999999999999961e-05,85000.0,170.0,500.0,138.36319448492168,0.5942708406743983,85000,85000.0,0.0,123483.7269153595
0.0,0.0,0.0,9.999999999999961e-05,85500.0,171.0,500.0,124.62923982820124,0.5938465372688241,85500,85500.0,0.0,124325.69528627396
0.0,0.0,0.0,9.999999999999961e-05,86000.0,172.0,500.0,120.57074855496147,0.5844346853718999,86000,86000.0,0.0,125181.22287988663
0.0,0.0,0.0,9.999999999999961e-05,86500.0,173.0,500.0,113.79609089553756,0.5803260553498671,86500,86500.0,0.0,126042.80749368668
0.0,0.0,0.0,9.999999999999961e-05,87000.0,174.0,500.0,114.81707690287465,0.5815726180530342,87000,87000.0,0.0,126902.54535794258
0.0,0.0,0.0,9.999999999999961e-05,87500.0,175.0,500.0,106.66609073008134,0.56630586833889,87500,87500.0,0.0,127785.46045446396
0.0,0.0,0.0,9.999999999999961e-05,88000.0,176.0,500.0,147.56003787937712,0.5524452582189041,88000,88000.0,0.0,128690.52750515938
0.0,0.0,0.0,9.999999999999961e-05,88500.0,177.0,500.0,123.14492469542886,0.5600426669133033,88500,88500.0,0.0,129583.31662607193
0.0,0.0,0.0,9.999999999999961e-05,89000.0,178.0,500.0,112.48874822630619,0.5731278792807711,89000,89000.0,0.0,130455.72227668762
0.0,0.0,0.0,9.999999999999961e-05,89500.0,179.0,500.0,125.8915892205588,0.573237568071992,89500,89500.0,0.0,131327.9609925747
0.0,0.0,0.0,9.999999999999961e-05,90000.0,180.0,500.0,120.70509668974516,0.5464547353820437,90000,90000.0,0.0,132242.94986200333
0.0,0.0,0.0,9.999999999999961e-05,90500.0,181.0,500.0,124.38516317720102,0.38460804527225667,90500,90500.0,0.0,133542.97467041016
0.0,0.0,0.0,9.999999999999961e-05,91000.0,182.0,500.0,89.64655129906424,0.37276566009063195,91000,91000.0,0.0,134884.29994249344
0.0,0.0,0.0,9.999999999999961e-05,91500.0,183.0,500.0,109.82633372294904,0.5072928066393951,91500,91500.0,0.0,135869.9240114689
0.0,0.0,0.0,9.999999999999961e-05,92000.0,184.0,500.0,132.95588823300756,0.5023562456885426,92000,92000.0,0.0,136865.2336244583
0.0,0.0,0.0,9.999999999999961e-05,92500.0,185.0,500.0,129.4238496343134,0.4793961380354854,92500,92500.0,0.0,137908.21240663528
0.0,0.0,0.0,9.999999999999961e-05,93000.0,186.0,500.0,122.06036501968877,0.4671117147697328,93000,93000.0,0.0,138978.62015986443
0.0,0.0,0.0,9.999999999999961e-05,93500.0,187.0,500.0,118.42841850474731,0.4590132488823945,93500,93500.0,0.0,140067.91333675385
0.0,0.0,0.0,9.999999999999961e-05,94000.0,188.0,500.0,145.0692211617929,0.4613122754449871,94000,94000.0,0.0,141151.77784061432
0.0,0.0,0.0,9.999999999999961e-05,94500.0,189.0,500.0,154.460722682314,0.4388690199336733,94500,94500.0,0.0,142291.0699248314
0.0,0.0,0.0,9.999999999999961e-05,95000.0,190.0,500.0,144.65442266480514,0.44190476924492467,95000,95000.0,0.0,143422.5354244709
0.0,0.0,0.0,9.999999999999961e-05,95500.0,191.0,500.0,178.42306711497048,0.42084310118825174,95500,95500.0,0.0,144610.62666106224
0.0,0.0,0.0,9.999999999999961e-05,96000.0,192.0,500.0,130.37846148772266,0.4338145807591198,96000,96000.0,0.0,145763.1928100586
0.0,0.0,0.0,9.999999999999961e-05,96500.0,193.0,500.0,142.61736757552958,0.4022385059111058,96500,96500.0,0.0,147006.23640990257
0.0,0.0,0.0,9.999999999999961e-05,97000.0,194.0,500.0,117.37712350443394,0.42903017374814123,97000,97000.0,0.0,148171.65560674667
0.0,0.0,0.0,9.999999999999961e-05,97500.0,195.0,500.0,130.58020114778714,0.4195658765628445,97500,97500.0,0.0,149363.3635802269
0.0,0.0,0.0,9.999999999999961e-05,98000.0,196.0,500.0,106.11839562546746,0.40857569474827055,98000,98000.0,0.0,150587.12702703476
0.0,0.0,0.0,9.999999999999961e-05,98500.0,197.0,500.0,153.28021557054495,0.4086049393149433,98500,98500.0,0.0,151810.80288672447
0.0,0.0,0.0,9.999999999999961e-05,99000.0,198.0,500.0,121.00828963204988,0.403903407789805,99000,99000.0,0.0,153048.72262382507
0.0,0.0,0.0,9.999999999999961e-05,99500.0,199.0,500.0,154.57709583576946,0.39870146811411744,99500,99500.0,0.0,154302.79375314713
0.0,0.0,0.0,9.999999999999961e-05,100000.0,200.0,500.0,165.57929299807836,0.39652855806247045,100000,100000.0,0.0,155563.73698210716
0.0,0.0,0.0,9.999999999999961e-05,100500.0,201.0,500.0,122.08032981470302,0.3867267661709049,100500,100500.0,0.0,156856.63947558403
0.0,0.0,0.0,9.999999999999961e-05,101000.0,202.0,500.0,155.0694547751683,0.39229549443671635,101000,101000.0,0.0,158131.18890953064
0.0,0.0,0.0,9.999999999999961e-05,101500.0,203.0,500.0,105.45099390808582,0.3845051622908157,101500,101500.0,0.0,159431.5615684986
0.0,0.0,0.0,9.999999999999961e-05,102000.0,204.0,500.0,119.8268497004369,0.39206981369696275,102000,102000.0,0.0,160706.8446509838
0.0,0.0,0.0,9.999999999999961e-05,102500.0,205.0,500.0,111.89422676034654,0.3811182762724493,102500,102500.0,0.0,162018.77333927155
0.0,0.0,0.0,9.999999999999961e-05,103000.0,206.0,500.0,90.7789032770327,0.3804983206349829,103000,103000.0,0.0,163332.83958673477
0.0,0.0,0.0,9.999999999999961e-05,103500.0,207.0,500.0,102.68792798557054,0.3781051373631405,103500,103500.0,0.0,164655.22310113907
0.0,0.0,0.0,9.999999999999961e-05,104000.0,208.0,500.0,153.23903693985065,0.3707930171860238,104000,104000.0,0.0,166003.68431043625
0.0,0.0,0.0,9.999999999999961e-05,104500.0,209.0,500.0,147.04118245130618,0.37051769974967835,104500,104500.0,0.0,167353.14750885963
0.0,0.0,0.0,9.999999999999961e-05,105000.0,210.0,500.0,153.54954799430953,0.36854839821699414,105000,105000.0,0.0,168709.82142949104
0.0,0.0,0.0,9.999999999999961e-05,105500.0,211.0,500.0,138.72863328615097,0.36852057412775113,105500,105500.0,0.0,170066.597782135
0.0,0.0,0.0,9.999999999999961e-05,106000.0,212.0,500.0,120.80801913083805,0.3746243630901102,106000,106000.0,0.0,171401.26805329323
0.0,0.0,0.0,9.999999999999961e-05,106500.0,213.0,500.0,108.29631519263944,0.37122790065656014,106500,106500.0,0.0,172748.14957666397
0.0,0.0,0.0,9.999999999999961e-05,107000.0,214.0,500.0,111.87789406460449,0.3773222686106077,107000,107000.0,0.0,174073.27677440643
0.0,0.0,0.0,9.999999999999961e-05,107500.0,215.0,500.0,143.37747519101603,0.3805564125907406,107500,107500.0,0.0,175387.1424291134
0.0,0.0,0.0,9.999999999999961e-05,108000.0,216.0,500.0,116.81696051794158,0.3768673089072151,108000,108000.0,0.0,176713.86933898926
0.0,0.0,0.0,9.999999999999961e-05,108500.0,217.0,500.0,145.2185022486225,0.3760873133129168,108500,108500.0,0.0,178043.34784698486
0.0,0.0,0.0,9.999999999999961e-05,109000.0,218.0,500.0,115.7982934741085,0.3800133641538764,109000,109000.0,0.0,179359.09105229378
0.0,0.0,0.0,9.999999999999961e-05,109500.0,219.0,500.0,147.86055402976172,0.38247009954920214,109500,109500.0,0.0,180666.38278770447
0.0,0.0,0.0,9.999999999999961e-05,110000.0,220.0,500.0,153.63459151086394,0.376409316377912,110000,110000.0,0.0,181994.72398018837
0.0,0.0,0.0,9.999999999999961e-05,110500.0,221.0,500.0,109.20219159793562,0.37096138264309536,110500,110500.0,0.0,183342.5731730461
0.0,0.0,0.0,9.999999999999961e-05,111000.0,222.0,500.0,85.13967951828998,0.3805316470206499,111000,111000.0,0.0,184656.52433657646
0.0,0.0,0.0,9.999999999999961e-05,111500.0,223.0,500.0,157.6615989263821,0.3766528457477756,111500,111500.0,0.0,185984.0066742897
0.0,0.0,0.0,9.999999999999961e-05,112000.0,224.0,500.0,42.44992086426763,0.3709211765955235,112000,112000.0,0.0,187332.00196790695
0.0,0.0,0.0,9.999999999999961e-05,112500.0,225.0,500.0,121.82979242403387,0.36963299512354564,112500,112500.0,0.0,188684.69506287575
0.0,0.0,0.0,9.999999999999961e-05,113000.0,226.0,500.0,113.8975242887525,0.3686596874137606,113000,113000.0,0.0,190040.95943713188
0.0,0.0,0.0,9.999999999999961e-05,113500.0,227.0,500.0,136.74319539948831,0.36892520874360896,113500,113500.0,0.0,191396.24768662453
0.0,0.0,0.0,9.999999999999961e-05,114000.0,228.0,500.0,143.09555085177428,0.363334775954867,114000,114000.0,0.0,192772.38901233673
0.0,0.0,0.0,9.999999999999961e-05,114500.0,229.0,500.0,197.51193674115302,0.35957908329738525,114500,114500.0,0.0,194162.90370988846
0.0,0.0,0.0,9.999999999999961e-05,115000.0,230.0,500.0,141.58272074688833,0.35630776409741177,115000,115000.0,0.0,195566.18494820595
0.0,0.0,0.0,9.999999999999961e-05,115500.0,231.0,500.0,112.16772276694164,0.3537137411598983,115500,115500.0,0.0,196979.75740027428
0.0,0.0,0.0,9.999999999999961e-05,116000.0,232.0,500.0,187.43006571550185,0.3560563898833741,116000,116000.0,0.0,198384.02934861183
0.0,0.0,0.0,9.999999999999961e-05,116500.0,233.0,500.0,102.37348754611378,0.35326431237192524,116500,116500.0,0.0,199799.4001710415
0.0,0.0,0.0,9.999999999999961e-05,117000.0,234.0,500.0,144.90218946986255,0.35225318410455814,117000,117000.0,0.0,201218.83375692368
0.0,0.0,0.0,9.999999999999961e-05,117500.0,235.0,500.0,133.88489425744433,0.35604684078467497,117500,117500.0,0.0,202623.1433672905
0.0,0.0,0.0,9.999999999999961e-05,118000.0,236.0,500.0,110.72585926000744,0.3552382580063616,118000,118000.0,0.0,204030.64942598343
0.0,0.0,0.0,9.999999999999961e-05,118500.0,237.0,500.0,330.7183389061229,0.3503241829978482,118500,118500.0,0.0,205457.89888429642
0.0,0.0,0.0,9.999999999999961e-05,119000.0,238.0,500.0,128.8492455624662,0.35077308346870684,119000,119000.0,0.0,206883.32182526588
0.0,0.0,0.0,9.999999999999961e-05,119500.0,239.0,500.0,142.2098491309217,0.3481926425331881,119500,119500.0,0.0,208319.30851578712
0.0,0.0,0.0,9.999999999999961e-05,120000.0,240.0,500.0,156.66954343967046,0.346769881189622,120000,120000.0,0.0,209761.1869122982
0.0,0.0,0.0,9.999999999999961e-05,120500.0,241.0,500.0,107.72459211813235,0.33845616577957394,120500,120500.0,0.0,211238.4830906391
0.0,0.0,0.0,9.999999999999961e-05,121000.0,242.0,500.0,120.01458713838844,0.3440679533945451,121000,121000.0,0.0,212691.6843996048
0.0,0.0,0.0,9.999999999999961e-05,121500.0,243.0,500.0,99.83851200861064,0.34270500246399865,121500,121500.0,0.0,214150.66514611244
0.0,0.0,0.0,9.999999999999961e-05,122000.0,244.0,500.0,168.01152273651434,0.33929668614335,122000,122000.0,0.0,215624.3017024994
0.0,0.0,0.0,9.999999999999961e-05,122500.0,245.0,500.0,125.25224986722587,0.33897380728039767,122500,122500.0,0.0,217099.34192562103
0.0,0.0,0.0,9.999999999999961e-05,123000.0,246.0,500.0,86.10738040560115,0.3386357153677937,123000,123000.0,0.0,218575.85482025146
0.0,0.0,0.0,9.999999999999961e-05,123500.0,247.0,500.0,93.10770109769697,0.3125697302194504,123500,123500.0,0.0,220175.49788188934
0.0,0.0,0.0,9.999999999999961e-05,124000.0,248.0,500.0,51.68265708304258,0.33537721333987064,124000,124000.0,0.0,221666.35647416115
0.0,0.0,0.0,9.999999999999961e-05,124500.0,249.0,500.0,139.0943658804088,0.3350313395786674,124500,124500.0,0.0,223158.7541730404
0.0,0.0,0.0,9.999999999999961e-05,125000.0,250.0,500.0,182.72586571964607,0.33343231426793385,125000,125000.0,0.0,224658.30889201164
0.0,0.0,0.0,9.999999999999961e-05,125500.0,251.0,500.0,280.4742352559085,0.3315341370781826,125500,125500.0,0.0,226166.44921445847
0.0,0.0,0.0,9.999999999999961e-05,126000.0,252.0,500.0,139.20425966668074,0.33210750900327213,126000,126000.0,0.0,227671.9857852459
0.0,0.0,0.0,9.999999999999961e-05,126500.0,253.0,500.0,108.08476056209426,0.3242550824427428,126500,126500.0,0.0,229213.98174405098
0.0,0.0,0.0,9.999999999999961e-05,127000.0,254.0,500.0,169.84651072729096,0.3303847072600141,127000,127000.0,0.0,230727.368983984
0.0,0.0,0.0,9.999999999999961e-05,127500.0,255.0,500.0,301.27454234946504,0.32712651150076844,127500,127500.0,0.0,232255.82963323593
0.0,0.0,0.0,9.999999999999961e-05,128000.0,256.0,500.0,350.08233144420296,0.32358239927768656,128000,128000.0,0.0,233801.0311074257
0.0,0.0,0.0,9.999999999999961e-05,128500.0,257.0,500.0,132.5988521336252,0.3266676598315658,128500,128500.0,0.0,235331.63869976997
0.0,0.0,0.0,9.999999999999961e-05,129000.0,258.0,500.0,149.6909110857434,0.32454330799514625,129000,129000.0,0.0,236872.26513695717
0.0,0.0,0.0,9.999999999999961e-05,129500.0,259.0,500.0,126.39053979287252,0.3219055444692247,129500,129500.0,0.0,238425.51579976082
0.0,0.0,0.0,9.999999999999961e-05,130000.0,260.0,500.0,304.7759662185441,0.32191490681497104,130000,130000.0,0.0,239978.72128891945
0.0,0.0,0.0,9.999999999999961e-05,130500.0,261.0,500.0,106.57565177689314,0.3171442491157358,130500,130500.0,0.0,241555.2909464836
0.0,0.0,0.0,9.999999999999961e-05,131000.0,262.0,500.0,128.1227181644164,0.32348679364261046,131000,131000.0,0.0,243100.94910049438
0.0,0.0,0.0,9.999999999999961e-05,131500.0,263.0,500.0,124.90810010395147,0.33017279334323063,131500,131500.0,0.0,244615.30767393112
0.0,0.0,0.0,9.999999999999961e-05,132000.0,264.0,500.0,165.45410769849352,0.33204083974335347,132000,132000.0,0.0,246121.146535635
0.0,0.0,0.0,9.999999999999961e-05,132500.0,265.0,500.0,127.74279883381098,0.33199161898907964,132500,132500.0,0.0,247627.2086520195
0.0,0.0,0.0,9.999999999999961e-05,133000.0,266.0,500.0,88.68713597612066,0.3279748588786552,133000,133000.0,0.0,249151.7157497406
0.0,0.0,0.0,9.999999999999961e-05,133500.0,267.0,500.0,160.6943186982024,0.3292801127321135,133500,133500.0,0.0,250670.179759264
0.0,0.0,0.0,9.999999999999961e-05,134000.0,268.0,500.0,130.11271873589004,0.32817979208173803,134000,134000.0,0.0,252193.73487210274
0.0,0.0,0.0,9.999999999999961e-05,134500.0,269.0,500.0,88.57247619154408,0.32749342494897266,134500,134500.0,0.0,253720.48308205605
0.0,0.0,0.0,9.999999999999961e-05,135000.0,270.0,500.0,286.6702136008082,0.3274005526808309,135000,135000.0,0.0,255247.66437768936
0.0,0.0,0.0,9.999999999999961e-05,135500.0,271.0,500.0,153.8757554229923,0.32841700516834726,135500,135500.0,0.0,256770.11903882027
0.0,0.0,0.0,9.999999999999961e-05,136000.0,272.0,500.0,209.87659201837846,0.3269617359249117,136000,136000.0,0.0,258299.34997105598
0.0,0.0,0.0,9.999999999999961e-05,136500.0,273.0,500.0,138.6654705368092,0.3253605501377077,136500,136500.0,0.0,259836.1066555977
0.0,0.0,0.0,9.999999999999961e-05,137000.0,274.0,500.0,112.66932582801964,0.32421130704510887,137000,137000.0,0.0,261378.31073474884
0.0,0.0,0.0,9.999999999999961e-05,137500.0,275.0,500.0,134.51125294634542,0.3237777391697249,137500,137500.0,0.0,262922.579965353
0.0,0.0,0.0,9.999999999999961e-05,138000.0,276.0,500.0,120.45649883544114,0.3230034302643563,138000,138000.0,0.0,264470.5511431694
0.0,0.0,0.0,9.999999999999961e-05,138500.0,277.0,500.0,141.5132379639646,0.3246159055287002,138500,138500.0,0.0,266010.8330321312
0.0,0.0,0.0,9.999999999999961e-05,139000.0,278.0,500.0,234.24335555120135,0.32335255213058733,139000,139000.0,0.0,267557.13287615776
0.0,0.0,0.0,9.999999999999961e-05,139500.0,279.0,500.0,107.45275815694595,0.32340966422911094,139500,139500.0,0.0,269103.15965104103
0.0,0.0,0.0,9.999999999999961e-05,140000.0,280.0,500.0,124.33209966295875,0.3218962728385915,140000,140000.0,0.0,270656.4550523758
0.0,0.0,0.0,9.999999999999961e-05,140500.0,281.0,500.0,346.56079450613953,0.3135026937455768,140500,140500.0,0.0,272251.33768081665
0.0,0.0,0.0,9.999999999999961e-05,141000.0,282.0,500.0,76.86553848550587,0.32016048122285473,141000,141000.0,0.0,273813.0544743538
0.0,0.0,0.0,9.999999999999961e-05,141500.0,283.0,500.0,137.48898364665175,0.3203248728936911,141500,141500.0,0.0,275373.9697909355
0.0,0.0,0.0,9.999999999999961e-05,142000.0,284.0,500.0,380.1559557304362,0.3188796691048305,142000,142000.0,0.0,276941.9593770504
0.0,0.0,0.0,9.999999999999961e-05,142500.0,285.0,500.0,133.84105855165723,0.31869968084142186,142500,142500.0,0.0,278510.8344976902
0.0,0.0,0.0,9.999999999999961e-05,143000.0,286.0,500.0,319.9383026390931,0.3189352489595853,143000,143000.0,0.0,280078.5508348942
0.0,0.0,0.0,9.999999999999961e-05,143500.0,287.0,500.0,159.3425487556361,0.318735491737433,143500,143500.0,0.0,281647.2496879101
0.0,0.0,0.0,9.999999999999961e-05,144000.0,288.0,500.0,367.6591021976981,0.318731893868724,144000,144000.0,0.0,283215.96624851227
0.0,0.0,0.0,9.999999999999961e-05,144500.0,289.0,500.0,117.69373993304204,0.31775062333256016,144500,144500.0,0.0,284789.52728533745
0.0,0.0,0.0,9.999999999999961e-05,145000.0,290.0,500.0,120.35039661783681,0.3179777008806342,145000,145000.0,0.0,286361.9645946026
0.0,0.0,0.0,9.999999999999961e-05,145500.0,291.0,500.0,157.18339104201212,0.32524741840177357,145500,145500.0,0.0,287899.25581359863
0.0,0.0,0.0,9.999999999999961e-05,146000.0,292.0,500.0,150.17057453501656,0.3257988401441234,146000,146000.0,0.0,289433.9451332092
0.0,0.0,0.0,9.999999999999961e-05,146500.0,293.0,500.0,65.45903720161718,0.3240937239836181,146500,146500.0,0.0,290976.708732605
0.0,0.0,0.0,9.999999999999961e-05,147000.0,294.0,500.0,160.47207222381832,0.3230548720071366,147000,147000.0,0.0,292524.4334180355
0.0,0.0,0.0,9.999999999999961e-05,147500.0,295.0,500.0,223.96503382400158,0.32348683595612615,147500,147500.0,0.0,294070.0913693905
0.0,0.0,0.0,9.999999999999961e-05,148000.0,296.0,500.0,166.88537116805708,0.32358713761717545,148000,148000.0,0.0,295615.27021718025
0.0,0.0,0.0,9.999999999999961e-05,148500.0,297.0,500.0,141.56047772882928,0.32380372686578673,148500,148500.0,0.0,297159.41550922394
0.0,0.0,0.0,9.999999999999961e-05,149000.0,298.0,500.0,124.5916106294489,0.32171447878175385,149000,149000.0,0.0,298713.58864474297
0.0,0.0,0.0,9.999999999999961e-05,149500.0,299.0,500.0,140.17145423135133,0.3236314856109929,149500,149500.0,0.0,300258.5557522774
0.0,0.0,0.0,9.999999999999961e-05,150000.0,300.0,500.0,89.74054071976198,0.3231249029419593,150000,150000.0,0.0,301805.944999218
0.0,0.0,0.0,9.999999999999961e-05,150500.0,301.0,500.0,140.70389459210787,0.31708153603348355,150500,150500.0,0.0,303382.82647418976
0.0,0.0,0.0,9.999999999999961e-05,151000.0,302.0,500.0,134.17344554998544,0.3219735433089492,151000,151000.0,0.0,304935.7491004467
0.0,0.0,0.0,9.999999999999961e-05,151500.0,303.0,500.0,153.87442195104754,0.3076962089356043,151500,151500.0,0.0,306560.7284986973
0.0,0.0,0.0,9.999999999999961e-05,152000.0,304.0,500.0,351.6483543991161,0.32400577591860824,152000,152000.0,0.0,308103.91086530685
0.0,0.0,0.0,9.999999999999961e-05,152500.0,305.0,500.0,121.65749468826051,0.3239922279215172,152500,152500.0,0.0,309647.1577615738
0.0,0.0,0.0,9.999999999999961e-05,153000.0,306.0,500.0,169.57746274271597,0.3235790175233363,153000,153000.0,0.0,311192.37538456917
0.0,0.0,0.0,9.999999999999961e-05,153500.0,307.0,500.0,194.84105509950285,0.32150925355571414,153500,153500.0,0.0,312747.54057717323
0.0,0.0,0.0,9.999999999999961e-05,154000.0,308.0,500.0,159.91068832301318,0.32222213259281485,154000,154000.0,0.0,314299.2651474476
0.0,0.0,0.0,9.999999999999961e-05,154500.0,309.0,500.0,80.89609659219089,0.3206930727024302,154500,154500.0,0.0,315858.3883178234
0.0,0.0,0.0,9.999999999999961e-05,155000.0,310.0,500.0,284.3275527896759,0.3207112361838388,155000,155000.0,0.0,317417.4231874943
0.0,0.0,0.0,9.999999999999961e-05,155500.0,311.0,500.0,362.0789054043447,0.316890007972074,155500,155500.0,0.0,318995.25772833824
0.0,0.0,0.0,9.999999999999961e-05,156000.0,312.0,500.0,1.8847878577744703,0.31334859134543674,156000,156000.0,0.0,320590.92470908165
0.0,0.0,0.0,9.999999999999961e-05,156500.0,313.0,500.0,236.3770343843904,0.31465089158433024,156500,156500.0,0.0,322179.98742461205
0.0,0.0,0.0,9.999999999999961e-05,157000.0,314.0,500.0,146.1666939385585,0.3080023411357302,157000,157000.0,0.0,323803.35170936584
0.0,0.0,0.0,9.999999999999961e-05,157500.0,315.0,500.0,362.81087451010353,0.3083774560177527,157500,157500.0,0.0,325424.7413098812
0.0,0.0,0.0,9.999999999999961e-05,158000.0,316.0,500.0,67.51940726690641,0.3001697082753401,158000,158000.0,0.0,327090.46568727493
0.0,0.0,0.0,9.999999999999961e-05,158500.0,317.0,500.0,318.519574801484,0.2962635288975572,158500,158500.0,0.0,328778.1523296833
0.0,0.0,0.0,9.999999999999961e-05,159000.0,318.0,500.0,75.78502288974838,0.2908141284151249,159000,159000.0,0.0,330497.46357131004
0.0,0.0,0.0,9.999999999999961e-05,159500.0,319.0,500.0,340.83314740253127,0.32858997582338123,159500,159500.0,0.0,332019.11680817604
0.0,0.0,0.0,9.999999999999961e-05,160000.0,320.0,500.0,336.66104641905713,0.3228773752633748,160000,160000.0,0.0,333567.69233107567
0.0,0.0,0.0,9.999999999999961e-05,160500.0,321.0,500.0,304.3397306176101,0.3149195306861911,160500,160500.0,0.0,335155.39951229095
0.0,0.0,0.0,9.999999999999961e-05,161000.0,322.0,500.0,355.7012115672933,0.31711274070605316,161000,161000.0,0.0,336732.1258187294
0.0,0.0,0.0,9.999999999999961e-05,161500.0,323.0,500.0,152.71529731463826,0.3122641546313192,161500,161500.0,0.0,338333.33425974846
0.0,0.0,0.0,9.999999999999961e-05,162000.0,324.0,500.0,75.10420915486162,0.3038177596644813,162000,162000.0,0.0,339979.0576720238
0.0,0.0,0.0,9.999999999999961e-05,162500.0,325.0,500.0,360.7770653742475,0.3045565791327043,162500,162500.0,0.0,341620.7887480259
0.0,0.0,0.0,9.999999999999961e-05,163000.0,326.0,500.0,155.68928890929843,0.30006932561344984,163000,163000.0,0.0,343287.07036304474
0.0,0.0,0.0,9.999999999999961e-05,163500.0,327.0,500.0,147.73057953861306,0.29558694326782464,163500,163500.0,0.0,344978.62004613876
0.0,0.0,0.0,9.999999999999961e-05,164000.0,328.0,500.0,332.4979934477698,0.29023468185290324,164000,164000.0,0.0,346701.36385178566
0.0,0.0,0.0,9.999999999999961e-05,164500.0,329.0,500.0,129.6466414548557,0.28977084998306263,164500,164500.0,0.0,348426.865226984
0.0,0.0,0.0,9.999999999999961e-05,165000.0,330.0,500.0,317.96286465578413,0.28354537213442427,165000,165000.0,0.0,350190.2514410019
0.0,0.0,0.0,9.999999999999961e-05,165500.0,331.0,500.0,327.4833548833684,0.28369493142421975,165500,165500.0,0.0,351952.7080271244
0.0,0.0,0.0,9.999999999999961e-05,166000.0,332.0,500.0,322.6587173818225,0.2799484763940679,166000,166000.0,0.0,353738.75096845627
0.0,0.0,0.0,9.999999999999961e-05,166500.0,333.0,500.0,376.8920533856517,0.2777988896549186,166500,166500.0,0.0,355538.614174366
0.0,0.0,0.0,9.999999999999961e-05,167000.0,334.0,500.0,320.6570344005656,0.27648861198844377,167000,167000.0,0.0,357347.00692009926
0.0,0.0,0.0,9.999999999999961e-05,167500.0,335.0,500.0,274.30638586636246,0.27836165924930634,167500,167500.0,0.0,359143.2313053608
0.0,0.0,0.0,9.999999999999961e-05,168000.0,336.0,500.0,127.10262082778763,0.2756251717506976,168000,168000.0,0.0,360957.2891333103
0.0,0.0,0.0,9.999999999999961e-05,168500.0,337.0,500.0,143.65166664419792,0.2775678913000073,168500,168500.0,0.0,362758.6502263546
0.0,0.0,0.0,9.999999999999961e-05,169000.0,338.0,500.0,127.46839063990723,0.279711715279206,169000,169000.0,0.0,364546.2049584389
0.0,0.0,0.0,9.999999999999961e-05,169500.0,339.0,500.0,377.6940290185772,0.2751317823239505,169500,169500.0,0.0,366363.51590657234
0.0,0.0,0.0,9.999999999999961e-05,170000.0,340.0,500.0,302.78183955067686,0.2742304776757259,170000,170000.0,0.0,368186.7997531891
0.0,0.0,0.0,9.999999999999961e-05,170500.0,341.0,500.0,165.07345944570142,0.273004483532547,170500,170500.0,0.0,370018.2715072632
0.0,0.0,0.0,9.999999999999961e-05,171000.0,342.0,500.0,94.78675647788373,0.2695653188922161,171000,171000.0,0.0,371873.10951924324
0.0,0.0,0.0,9.999999999999961e-05,171500.0,343.0,500.0,235.30914171773878,0.26978322989157905,171500,171500.0,0.0,373726.44932985306
0.0,0.0,0.0,9.999999999999961e-05,172000.0,344.0,500.0,389.07527919077813,0.26527898500729,172000,172000.0,0.0,375611.25750780106
0.0,0.0,0.0,9.999999999999961e-05,172500.0,345.0,500.0,312.8976897426781,0.2656490749073888,172500,172500.0,0.0,377493.43985795975
0.0,0.0,0.0,9.999999999999961e-05,173000.0,346.0,500.0,355.11768005922056,0.2548670880420123,173000,173000.0,0.0,379455.2467119694
0.0,0.0,0.0,9.999999999999961e-05,173500.0,347.0,500.0,340.4152848824458,0.2898812026510421,173500,173500.0,0.0,381180.0912194252
0.0,0.0,0.0,9.999999999999961e-05,174000.0,348.0,500.0,380.93346397584935,0.29086019130632457,174000,174000.0,0.0,382899.13017749786
0.0,0.0,0.0,9.999999999999961e-05,174500.0,349.0,500.0,306.3737184212839,0.28716529314224587,174500,174500.0,0.0,384640.2876651287
0.0,0.0,0.0,9.999999999999961e-05,175000.0,350.0,500.0,144.26213183438284,0.28041639678399843,175000,175000.0,0.0,386423.3503036499
0.0,0.0,0.0,9.999999999999961e-05,175500.0,351.0,500.0,324.7868371084171,0.28500770716151297,175500,175500.0,0.0,388177.68882727623
0.0,0.0,0.0,9.999999999999961e-05,176000.0,352.0,500.0,338.26464049890876,0.27304179838941345,176000,176000.0,0.0,390008.9102857113
0.0,0.0,0.0,9.999999999999961e-05,176500.0,353.0,500.0,341.0380100926253,0.27680073861736154,176500,176500.0,0.0,391815.26384806633
0.0,0.0,0.0,9.999999999999961e-05,177000.0,354.0,500.0,353.1936960509115,0.26707547598617076,177000,177000.0,0.0,393687.3938086033
0.0,0.0,0.0,9.999999999999961e-05,177500.0,355.0,500.0,372.3444730374741,0.2627646370988235,177500,177500.0,0.0,395590.2373800278
0.0,0.0,0.0,9.999999999999961e-05,178000.0,356.0,500.0,93.30840216519938,0.25924338327179214,178000,178000.0,0.0,397518.9269144535
0.0,0.0,0.0,9.999999999999961e-05,178500.0,357.0,500.0,291.4336241501547,0.2564296140429929,178500,178500.0,0.0,399468.7797117233
0.0,0.0,0.0,9.999999999999961e-05,179000.0,358.0,500.0,129.72471741181127,0.25089436094698153,179000,179000.0,0.0,401461.65032982826
0.0,0.0,0.0,9.999999999999961e-05,179500.0,359.0,500.0,103.84311806984668,0.2464056075826831,179500,179500.0,0.0,403490.8249294758
0.0,0.0,0.0,9.999999999999961e-05,180000.0,360.0,500.0,59.24822276038899,0.2402468872285627,180000,180000.0,0.0,405572.0173487663
0.0,0.0,0.0,9.999999999999961e-05,180500.0,361.0,500.0,147.8086342266686,0.23262097501972812,180500,180500.0,0.0,407721.43659329414
0.0,0.0,0.0,9.999999999999961e-05,181000.0,362.0,500.0,129.58473065554838,0.23112653487816628,181000,181000.0,0.0,409884.75375819206
0.0,0.0,0.0,9.999999999999961e-05,181500.0,363.0,500.0,295.8946002930934,0.2314226948535186,181500,181500.0,0.0,412045.3024480343
0.0,0.0,0.0,9.999999999999961e-05,182000.0,364.0,500.0,348.3089086712336,0.22997824679822287,182000,182000.0,0.0,414219.4211189747
0.0,0.0,0.0,9.999999999999961e-05,182500.0,365.0,500.0,361.209704094406,0.22062820256833818,182500,182500.0,0.0,416485.67717576027
0.0,0.0,0.0,9.999999999999961e-05,183000.0,366.0,500.0,364.93558921728146,0.22003959531491912,183000,183000.0,0.0,418757.99548077583
0.0,0.0,0.0,9.999999999999961e-05,183500.0,367.0,500.0,363.6601040433144,0.21438100407986468,183500,183500.0,0.0,421090.2916765213
0.0,0.0,0.0,9.999999999999961e-05,184000.0,368.0,500.0,47.058334612215866,0.2101043386999181,184000,184000.0,0.0,423470.06166934967
0.0,0.0,0.0,9.999999999999961e-05,184500.0,369.0,500.0,299.1335006916936,0.20857844011768184,184500,184500.0,0.0,425867.2413597107
0.0,0.0,0.0,9.999999999999961e-05,185000.0,370.0,500.0,15.38551757000735,0.2030732089310298,185000,185000.0,0.0,428329.4076066017
0.0,0.0,0.0,9.999999999999961e-05,185500.0,371.0,500.0,131.9565664594068,0.19672724833639701,185500,185500.0,0.0,430870.9975721836
0.0,0.0,0.0,9.999999999999961e-05,186000.0,372.0,500.0,155.29269741834324,0.1921212899555511,186000,186000.0,0.0,433473.520178318
